Number,Asset Name,Priority Level,Category,HCMC,Current URL,Notes,
10,Broken Promises Video,1,Museum Output,,https://vimeo.com/461624651?fl=pl&fe=vl,,
56,Film Zizzler,1,Film,,TBD,,
1,PWFC Digital Edition: Ken Adachi,1,Scholarship,Yes,TBD (UVIC Library),,
58,PWFC Digital Edition: Yuriko Nagata,1,Scholarship,Yes,TBD (UVIC Library),,
24,6 NAJC and LOI Online Sessions about Archive_NAJC Chats and Family Storytelling,2,Community Stories,,Various URLS: https://www.landscapesofinjustice.com/digital-research-database/,,
54,Discover Nikkei Joint Panel,2,Teaching Resources,,https://pastwrongsfuturechoices.com/stories/connecting-our-global-community-panel-discussion-book-talk/,,
28,Economic Impacts of Disposession Chapter,2,Scholarship,Yes,https://loi.uvic.ca/realestate/docs/chapter_10.pdf,,
22,LOI Archives Video,2,Archive,,https://vimeo.com/461601867,,
21,LOI Book Video,2,Scholarship,,https://vimeo.com/461600223,,
19,LOI Elementary School Video - Letters of Protest,2,Teaching Resources,,https://www.youtube.com/watch?v=OXpzE297DG8&t=24s,,
37,LOI Newsletters,2,Org,,https://www.landscapesofinjustice.com/landscapes-of-injustice-publications-media-coverage/,,
20,LOI Teaching Resources Video,2,Teaching Resources,,Missing - we are looking,,
52,My Japanese Grandfather Survived Australia's WW2 Internment Camps,2,Community Stories,,https://www.youtube.com/watch?v=JNX29hDuPyQ&t=6s,,
30,Promises of Law,2,Scholarship,,https://digitalcommons.osgoode.yorku.ca/ohlj/vol54/iss3/2/,,
39,PWFC Newsletters,2,Org,,https://pastwrongsfuturechoices.com/resources/newsletter/,,
32,Tillie and Eva Ask -- Interviews,2,Community Stories,Yes,https://loi.uvic.ca/elementary/video-interviews.html,,
31,Touched by Dispossession Series,2,Community Stories,,https://www.landscapesofinjustice.com/touched-by-dispossession/,,
53,When you Call my Name,2,Community Stories,,https://pastwrongsfuturechoices.com/stories/when-you-call-my-name-art-exhibition/,,
11,Writing Wrongs,2,Museum Output,,https://dev-nikkei.pantheonsite.io,Crawl and Reproduce?,
13,Broken Promises Catalogue,3,Museum Output,,https://centre.nikkeiplace.org/exhibits/broken-promises/,EPub and PDF Versions & French version PDF,
12,Broken Promises Exhibition Opening,3,Museum Output,,https://www.youtube.com/watch?v=VGeDrdOlTQQ,,
47,Catherine Oikawa Photo Journal,3,Teaching Resources,,https://pastwrongsfuturechoices.com/stories/catherine-oikawas-bus-tour-photo-essay/,,
41,Concerned about Foriegn Interference in Canada?,3,Scholarship,,https://theconversation.com/concerned-about-foreign-interference-in-canada-an-enemy-agent-registry-is-not-the-answer-203996,,
51,"Decades after it was confiscated, a 1930s Japanese Canadian fishing boat is being restored in Delta",3,Community Stories,,https://www.cbc.ca/news/canada/british-columbia/delta-group-restoring-historic-japanese-canadian-vessel-9.7217718,,
50,Despite Looting and Deportations . . . They Never Stopped Loving Peru,3,Community Stories,,https://pastwrongsfuturechoices.com/stories/despite-looting-and-deportations-they-never-stopped-loving-peru/,,
29,Economic Impacts of Dispossession Data Guide,3,Scholarship,Yes,https://loi.uvic.ca/realestate/index.html,,
45,Honouring Japanese Canadian History in Victoria,3,Scholarship,,https://pastwrongsfuturechoices.com/stories/honouring-japanese-canadian-history-in-victoria/,,
42,In Conversation: Stanger-Ross and Kobayashi,3,Scholarship,,https://www.youtube.com/watch?v=sF_sXCGwqQs,,
49,Kintsugi,3,Museum Output,,https://pastwrongsfuturechoices.com/stories/kintsugi-an-exploration-of-fragmented-histories-and-healing-at-the-university-of-victoria-library/,,
48,Larissa Kondo's Journey to Preserve the New Canadian,3,Org,,https://pastwrongsfuturechoices.com/stories/larissa-kondos-journey-to-preserve-the-new-canadian/,,
36,LOI Working Papers & Related,3,Scholarship,,https://www.landscapesofinjustice.com/landscapes-of-injustice-publications-media-coverage/,,
44,Museum's Important Role in Telling Missing Stories,3,Scholarship,,https://360info.org/museums-important-role-in-telling-missing-stories/,,
35,Op Eds (various),3,Scholarship,,https://www.landscapesofinjustice.com/landscapes-of-injustice-publications-media-coverage/,,
40,PWFC Trip to LA and Sao Paulo,3,Org,,https://pastwrongsfuturechoices.com/stories/past-wrongs-future-choices-trip-to-la-and-sao-paulo/,,
46,Sydney Meeting,3,Org,,https://pastwrongsfuturechoices.com/stories/pwfc-project-news-sydney-meeting/,,
43,Tatura Visit,3,Org,,https://pastwrongsfuturechoices.com/stories/project-directors-message-a-visit-to-tatura-australia/,,
38,Telling a Difficult Past,3,Scholarship,,https://ojs.library.ubc.ca/index.php/bcstudies/article/view/184409/184410,,
34,The Tree Trunk Can be My Pillow,3,Scholarship,,https://onlineacademiccommunity.uvic.ca/press/books/titles/tree-trunk-pillow/,,
15,Broken Promises General Site?,4,Museum Output,,https://centre.nikkeiplace.org/exhibits/broken-promises/,Additional site area includes the record of the tour locations: https://centre.nikkeiplace.org/museum-exhibits/travelling-exhibitions/,
14,Broken Promises Matterport,4,Museum Output,,https://my.matterport.com/show/?m=zp7CzmtWKiu,,
16,Broken Promises Video Tour,4,Museum Output,,https://www.youtube.com/watch?v=vX-VkI_Yupc,,
23,Canada's Internment Era Field School Website,4,Teaching Resources,,https://landscapesofinjus.wixsite.com/mysite,Possible modification of site needed? Field School to continue after the project,
90,Full Film,,,,,,
70,Interview Australia 1,,,,,,
71,Interview Australia 2,,,,,,
72,Interview Australia 3,,,,,,
73,Interview Australia 4,,,,,,
74,Interview Australia 5,,,,,,
75,Interview Brazil 1,,,,,,
76,Interview Brazil 2,,,,,,
77,Interview Brazil 3,,,,,,
78,Interview Brazil 4,,,,,,
79,Interview Brazil 5,,,,,,
85,Interview Canada 1,,,,,,
86,Interview Canada 2,,,,,,
87,Interview Canada 3,,,,,,
88,Interview Canada 4,,,,,,
89,Interview Canada 5,,,,,,
80,Interview USA 1,,,,,,
81,Interview USA 2,,,,,,
82,Interview USA 3,,,,,,
83,Interview USA 4,,,,,,
84,Interview USA 5,,,,,,
